{"playerPosition":{"x":6.289024353027344,"y":0.057435594499111179,"z":0.6980592012405396},"health":100.0,"gunAmmo":25}