{"playerPosition":{"x":6.622996807098389,"y":0.057985249906778339,"z":5.618009567260742},"health":100.0,"gunAmmo":10}