{"playerPosition":{"x":6.995871067047119,"y":0.05859890952706337,"z":-0.9210173487663269},"health":100.0,"gunAmmo":1}